-09rxiqNNEs,30.000,40.000,Civil defense siren,/m/0dgbq
-0DIFwkUpjQ,50.000,60.000,Skateboard,/m/06_fw
-0Eem_FuIto,15.000,25.000,"Fire engine, fire truck (siren)",/m/012ndj
0_HnD-rW3lI,170.000,180.000,"Train horn,Train","/m/0284vy3,/m/07jdr"
0RurXUfKyow,4.000,14.000,"Train horn,Train","/m/0284vy3,/m/07jdr"
-0_vEaaXndY,11.000,21.000,Bus,/m/01bjv
--0w1YA1Hm4,30.000,40.000,Bus,/m/01bjv
--12UOziMF0,30.000,40.000,Truck,/m/07r04
-1HlfoHZCEE,6.000,16.000,"Car passing by,Car","/t/dd00134,/m/0k4j"
-1McjOPUzbo,30.000,40.000,"Car passing by,Car","/t/dd00134,/m/0k4j"
-1U98XBTyB4,30.000,40.000,Police car (siren),/m/04qvtq
-1WK72M4xeg,220.000,230.000,Motorcycle,/m/04_sv
-20uudT97E0,30.000,40.000,Screaming,/m/03qc9zr
--330hg-Ocw,30.000,40.000,Car,/m/0k4j
-3qh-WFUV2U,30.000,40.000,Civil defense siren,/m/0dgbq
-60XojQWWoc,30.000,40.000,"Reversing beeps,Truck","/m/02rhddq,/m/07r04"
-6d-zxMvC5E,30.000,40.000,Reversing beeps,/m/02rhddq
-8baTnilyjs,30.000,40.000,"Air horn, truck horn",/m/05x_td
-ajCLjpfGKI,83.000,93.000,Car alarm,/m/02mfyn
-D08wyQwDPQ,10.000,20.000,Bicycle,/m/0199g
--H_-CEB2wA,30.000,40.000,Train,/m/07jdr
-hLSc9aPOms,13.000,23.000,Car alarm,/m/02mfyn
--ljM2Kojag,30.000,40.000,Ambulance (siren),/m/012n7d
---lTs1dxhU,30.000,40.000,"Car,Car passing by","/m/0k4j,/t/dd00134"
